{
    "title": "Ghosts & Gold",
    "save_file": "resources/save.json",
    "window": {
        "width": 720,
        "height": 800
    },
    "colors": {
        "background": "#2E3440",
        "text": "#D8DEE9"
    },
    "font": {
        "name": "resources/AnnieUseYourTelescope-Regular.ttf",
        "size": {
            "h1": 80,
            "h2": 60,
            "h3": 40,
            "h4": 30,
            "h5": 20
        }
    },
    "welcome": {
        "title": {
            "text": "Ghosts & Gold",
            "y": 175,
            "font": "h1"
        },
        "high_score": {
            "text": "High score: %i",
            "y": 320,
            "font": "h3"
        },
        "gold": {
            "text": "Gold in your stash: %i",
            "y": 365,
            "font": "h4"
        },
        "start": {
            "text": "Press [SPACE] to start",
            "y": 450,
            "font": "h3"
        },
        "powers": {
            "text": "Press [P] to choose your power",
            "y": 550,
            "font": "h4"
        },
        "instructions": {
            "text": "Press [I] for instructions",
            "y": 580,
            "font": "h4"
        },
        "exit": {
            "text": "Press [ESCAPE] to exit",
            "y": 630,
            "font": "h5"
        }
    },
    "powers": {
        "title": {
            "text": "Choose Your Power",
            "y": 50,
            "font": "h2"
        },
        "gold": {
            "text": "Gold in your stash: %i",
            "y": 150,
            "font": "h4"
        },
        "current": {
            "text": "Current power: %s",
            "y": 225,
            "font": "h3"
        },
        "cost": {
            "text": "Cost: %i",
            "y": 275,
            "font": "h4"
        },
        "unlocked": {
            "text": "You have learned this power",
            "y": 275,
            "font": "h4"
        },
        "details": {
            "text": "Details:",
            "y": 350,
            "font": "h4"
        },
        "ability_details": {
            "y": 380,
            "font": "h4",
            "spacing": 30
        },
        "controls": {
            "text": "Use the left and right arrow keys to change the power",
            "y": 620,
            "font": "h4"
        },
        "buy": {
            "text": "Press [U] to learn this power",
            "y": 650,
            "font": "h4"
        },
        "expensive": {
            "text": "You do not have enough gold to learn this power",
            "y": 650,
            "font": "h4"
        },
        "choose": {
            "text": "Press [ENTER] to select this power",
            "y": 650,
            "font": "h4"
        },
        "back": {
            "text": "Press [B] to return to the main menu",
            "y": 700,
            "font": "h5"
        }
    },
    "intro": {
        "scroll_speed": 40,
        "scroll_offset": 225,
        "stop": 2325,
        "scrolling_text": {
            "0": {
                "text": "You are dead.",
                "y": 960,
                "font": "h4"
            },
            "1": {
                "text": "You died poor and alone.",
                "y": 990,
                "font": "h4"
            },
            "2": {
                "text": "Without a proper burial,",
                "y": 1020,
                "font": "h4"
            },
            "3": {
                "text": "you were denied entrance to the underworld",
                "y": 1050,
                "font": "h4"
            },
            "4": {
                "text": "and forced to roam the Earth as a ghost",
                "y": 1080,
                "font": "h4"
            },
            "5": {
                "text": "for eternity.",
                "y": 1110,
                "font": "h4"
            },
            "6": {
                "text": "As time went on, you began to hunger for revenge.",
                "y": 1210,
                "font": "h4"
            },
            "7": {
                "text": "Revenge against all who wronged you:",
                "y": 1240,
                "font": "h4"
            },
            "8": {
                "text": "those who never helped you up,",
                "y": 1270,
                "font": "h4"
            },
            "9": {
                "text": "those who only helped you down,",
                "y": 1300,
                "font": "h4"
            },
            "10": {
                "text": "and those who taught you that nothing mattered but greed,",
                "y": 1330,
                "font": "h4"
            },
            "11": {
                "text": "the ghosts of your past life.",
                "y": 1360,
                "font": "h4"
            },
            "12": {
                "text": "You wanted retribution.",
                "y": 1460,
                "font": "h4"
            },
            "13": {
                "text": "But as a ghost you are unable to touch the living,",
                "y": 1490,
                "font": "h4"
            },
            "14": {
                "text": "so you turned your sights to the main thing",
                "y": 1520,
                "font": "h4"
            },
            "15": {
                "text": "that had been denied from you: gold.",
                "y": 1550,
                "font": "h4"
            },
            "16": {
                "text": "However, as a ghost, you can not be near",
                "y": 1580,
                "font": "h4"
            },
            "17": {
                "text": "any gold that has been seen by the living.",
                "y": 1610,
                "font": "h4"
            },
            "18": {
                "text": "You began to venture into old mining shafts.",
                "y": 1710,
                "font": "h4"
            },
            "19": {
                "text": "Then, you found an abandoned gold mine.",
                "y": 1740,
                "font": "h4"
            },
            "20": {
                "text": "You stopped your exploration",
                "y": 1770,
                "font": "h4"
            },
            "21": {
                "text": "and vowed to never leave the mine",
                "y": 1800,
                "font": "h4"
            },
            "22": {
                "text": "until you had taken all of its gold.",
                "y": 1830,
                "font": "h4"
            },
            "23": {
                "text": "As you started clearing the mine, it grew unstable.",
                "y": 1930,
                "font": "h4"
            },
            "24": {
                "text": "And the longer you were the mine,",
                "y": 1960,
                "font": "h4"
            },
            "25": {
                "text": "the more unstable it became.",
                "y": 1990,
                "font": "h4"
            },
            "26": {
                "text": "But this does not worry you.",
                "y": 2090,
                "font": "h4"
            },
            "27": {
                "text": "As shafts collapse, they reveal hidden pockets gold.",
                "y": 2120,
                "font": "h4"
            },
            "28": {
                "text": "However, the shafts also contain old mining explosives",
                "y": 2150,
                "font": "h4"
            },
            "29": {
                "text": "which were never disarmed and",
                "y": 2180,
                "font": "h4"
            },
            "30": {
                "text": "explode when they came in contact with the ground.",
                "y": 2210,
                "font": "h4"
            },
            "31": {
                "text": "As you collect more gold, you become more powerful",
                "y": 2310,
                "font": "h4"
            },
            "32": {
                "text": "and you learn certain powers",
                "y": 2340,
                "font": "h4"
            },
            "33": {
                "text": "which aid you on your quest for gold.",
                "y": 2370,
                "font": "h4"
            },
            "34": {
                "text": "You have already learned how to cast a shield on yourself,",
                "y": 2400,
                "font": "h4"
            },
            "35": {
                "text": "which protects you from the falling rocks and mining equipment.",
                "y": 2430,
                "font": "h4"
            },
            "36": {
                "text": "Forever undeterred,",
                "y": 2530,
                "font": "h4"
            },
            "37": {
                "text": "you continue to stay in the mine",
                "y": 2560,
                "font": "h4"
            },
            "38": {
                "text": "with the futile task of hunting",
                "y": 2590,
                "font": "h4"
            },
            "39": {
                "text": "the endless gold.",
                "y": 2620,
                "font": "h4"
            },
            "40": {
                "text": "Ghosts & Gold",
                "y": 2750,
                "font": "h1"
            },
            "41": {
                "text": "A game by: LelsersLasers",
                "y": 2840,
                "font": "h3"
            }
        },
        "still_text": {
            "skip": {
                "text": "Press [ENTER] to skip",
                "y": 750,
                "font": "h5"
            },
            "background": {
                "y": 740,
                "h": 60
            }
        }
    },
    "instructions": {
        "gameplay": {
            "text": "Gameplay",
            "y": 100,
            "font": "h2"
        },
        "gameplay1": {
            "text": "Avoid being crushed by falling rocks, and be careful",
            "y": 180,
            "font": "h4"
        },
        "gameplay2": {
            "text": "of old mining equipment which explodes when it lands.",
            "y": 210,
            "font": "h4"
        },
        "gameplay3": {
            "text": "Survive for as long as you can and collect gold coins which can",
            "y": 240,
            "font": "h4"
        },
        "gameplay4": {
            "text": "be found in purple rocks or falling from the sky.",
            "y": 270,
            "font": "h4"
        },
        "controls": {
            "text": "Controls",
            "y": 350,
            "font": "h2"
        },
        "controls1": {
            "text": "left/right:  A/D or arrow keys",
            "y": 430,
            "font": "h4"
        },
        "controls2": {
            "text": "jump:  SPACE, W or up arrow",
            "y": 460,
            "font": "h4"
        },
        "controls3": {
            "text": "use 'active' power:  S or down arrow",
            "y": 490,
            "font": "h4"
        },
        "controls4": {
            "text": "pause:  ESCAPE",
            "y": 520,
            "font": "h4"
        },
        "back": {
            "text": "Press [B] to return to the main menu",
            "y": 700,
            "font": "h5"
        }
    },
    "game": {
        "darken_alpha": 45,
        "scroll_divisor": 10,
        "scroll_speed": 30,
        "score_per_Life": 15,
        "cd_box": {
            "text": "%.1f",
            "x": 335,
            "y": 20,
            "w": 50,
            "h": 50,
            "color": "#5E81AC",
            "ready_color": "#A3BE8C"
        },
        "score": {
            "text": "Score: %i",
            "y": 80,
            "font": "h4"
        },
        "rows": {
            "text": "Rows: %i",
            "y": 110,
            "font": "h5"
        },
        "time": {
            "text": "%i sec",
            "y": 130,
            "font": "h5"
        },
        "lives": {
            "text": "Lives:",
            "x": 70,
            "y": 2,
            "font": "h4"
        },
        "life_boxes": {
            "w": 25,
            "h": 25,
            "spacing": 30,
            "color": "#BF616A"
        },
        "fps": {
            "text": "fps: %i",
            "x": 595,
            "y": 2,
            "refresh": 0.1,
            "font": "h5"
        },
        "tiles": {
            "text": "tiles: %i",
            "x": 595,
            "y": 22,
            "font": "h5"
        }
    },
    "death": {
        "title": {
            "text": "Game Over",
            "y": 300,
            "font": "h2"            
        },
        "restart": {
            "text": "Press [R] to restart",
            "y": 400,
            "font": "h3"
        }
    },
    "pause": {
        "title": {
            "text": "Paused",
            "y": 200,
            "font": "h2"
        },
        "resume": {
            "text": "Press [ESCAPE] to resume",
            "y": 400,
            "font": "h3"
        },
        "quit": {
            "text": "Press [Q] to quit",
            "y": 500,
            "font": "h4"
        }
    },
    "player": {
        "w": 30,
        "h": 50,
        "speed": 300,
        "jump_vel": 800,
        "gravity": 2400,
        "respawn_delay": 2,
        "respawn_time": 2,
        "respawn_r": 120,
        "alive_color": "#A3BE8C",
        "dead_color": "#BF616A",
        "respawn_color": "#D8DEE9",
        "powers": {
            "shield": {
                "text": "Shield",
                "details": {
                    "0": "Active: shield yourself for 2 seconds,",
                    "1": "destorying any tiles that would kill you",
                    "2": "and blocking any explosions.",
                    "3": "Cooldown: 10 seconds"
                },
                "cost": 800,
                "time": 2,
                "color": "#D08770",
                "cd": 10
            },
            "downthrust": {
                "text": "Downthrust",
                "details": {
                    "0": "Active: push off the air,",
                    "1": "accelerating downward.",
                    "2": "Cooldown: 2 seconds"
                },
                "cost": 200,
                "vel": 600,
                "cd": 2
            },
            "triple_jump": {
                "text": "Triple jump",
                "details": {
                    "0": "Passive: you can now jump 3 times",
                    "1": "(normally you can only double jump)."
                },
                "cost": 500,
                "jumps": 3
            },
            "chest_spawn": {
                "text": "Increased chest spawns",
                "details": {
                    "0": "Passive: chests that drop coins spawn more often",
                    "1": " (33% more often)."
                },
                "cost": 1500,
                "increase": 1.33
            },
            "tile_fall": {
                "text": "Decreased tile fall speed",
                "details": {
                    "0": "Passive: tiles fall 25% slower",
                    "1": " (they still spawn at the same rate)."
                },
                "cost": 2000,
                "decrease": 0.75
            }
        }
    },
    "tile": {
        "w": 60,
        "hbs_size": {
            "w": 10,
            "h": 5
        },
        "fall_speed": 200,
        "spawn_interval_base": 1.5,
        "spawn_interval_min": 0.3,
        "spawn_interval_time": 400,
        "spawn_y": -60,
        "spawn_xs": [60, 120, 180, 240, 300, 360, 420, 480, 540, 600],
        "columns": 12,
        "row_limit": 4,
        "row_min": 3,
        "base_y": 710,
        "spawn_scale_min": 1,
        "spawn_scale_max": 99,
        "color": "#81A1C1",
        "edge_color": "#4C566A",
        "hbs_color": "#BF616A",
        "heavy": {
            "r": 80,
            "fall": 1.5,
            "chance": 0.075,
            "draw_time": 0.3,
            "color": "#8FBCBB",
            "explosion_color": "#BF616A"
        },
        "tetris": {
            "chance": 0.075,
            "shapes": {
                "I ": {},
                "I": {
                    "chest_tiles": ["3"],
                    "offset_needed": [],
                    "tile_info": {
                        "0": [0, 0, 0],
                        "1": [0, -1, 0],
                        "2": [0, -2, 0],
                        "3": [0, -3, 0]
                    }
                },
                "T": {
                    "chest_tiles": ["1", "2", "3"],
                    "offset_needed": ["l", "r"],
                    "tile_info": {
                        "0": [0, 0, 0],
                        "1": [-1, -1, 1],
                        "2": [0, -1, 1],
                        "3": [1, -1, 1]
                    }
                },
                "+": {
                    "chest_tiles": ["1", "3", "4"],
                    "offset_needed": ["l", "r"],
                    "tile_info": {
                        "0": [0, 0, 0],
                        "1": [-1, -1, 1],
                        "2": [0, -1, 1],
                        "3": [1, -1, 1],
                        "4": [0, -2, 0]
                    }
                },
                "bolt": {
                    "chest_tiles": ["1", "3"],
                    "offset_needed": ["l"],
                    "tile_info": {
                        "0": [0, 0, 0],
                        "1": [0, -1, 0],
                        "2": [-1, -2, 2],
                        "3": [-1, -3, 2]
                    }
                },
                "-bolt": {
                    "chest_tiles": ["1", "3"],
                    "offset_needed": ["r"],
                    "tile_info": {
                        "0": [0, 0, 0],
                        "1": [0, -1, 0],
                        "2": [1, -2, 2],
                        "3": [1, -3, 2]
                    }
                }
            }
        }
    },
    "coin": {
        "w": 15,
        "h": 20,
        "fall_speed": 150,
        "spawn_interval_base": 10,
        "spawn_interval_variance": 5,
        "spawn_y": -60,
        "color": "#EBCB8B",
        "pop": {
            "coin_chances": [1, 1, 2, 2, 2, 3],
            "speed": 120,
            "vel": 900,
            "gravity": 2400,
            "friction": 180
        }
    },
    "chest": {
        "w": 50,
        "h": 40,
        "chance_base": 0.1,
        "chance_max": 0.2,
        "chance_time": 400,
        "color": "#B48EAD"
    }
}