{
    "title": "Ghost Jump",
    "window": {
        "width": 720,
        "height": 750
    },
    "colors": {
        "background": "#2E3440",
        "text": "#D8DEE9"
    },
    "font": {
        "name": "resources/AnnieUseYourTelescope-Regular.ttf",
        "size": {
            "h1": 80,
            "h2": 60,
            "h3": 40,
            "h4": 30,
            "h5": 20
        }
    },
    "welcome": {
        "title": {
            "text": "Ghost Jump",
            "y": 175,
            "font": "h1"
        },
        "score": {
            "text": "Last score: %i",
            "y": 300,
            "font": "h4"
        },
        "start": {
            "text": "Press [SPACE] to start",
            "y": 400,
            "font": "h3"
        },
        "instructions": {
            "text": "Press [I] for instructions",
            "y": 500,
            "font": "h4"
        },
        "exit": {
            "text": "Press [ESCAPE] to exit",
            "y": 550,
            "font": "h5"
        }
    },
    "instructions": {
        "gameplay": {
            "text": "Gameplay",
            "y": 100,
            "font": "h2"
        },
        "gameplay1": {
            "text": "Avoid being crushed by falling rocks, and be careful",
            "y": 180,
            "font": "h4"
        },
        "gameplay2": {
            "text": "of green rocks which explode when they land.",
            "y": 210,
            "font": "h4"
        },
        "gameplay3": {
            "text": "Survive as long as you can and collect gold coins which can",
            "y": 240,
            "font": "h4"
        },
        "gameplay4": {
            "text": "be found in purple chests or falling from the sky.",
            "y": 270,
            "font": "h4"
        },
        "controls": {
            "text": "Controls",
            "y": 350,
            "font": "h2"
        },
        "controls1": {
            "text": "left/right:  A/D or arrow keys",
            "y": 430,
            "font": "h4"
        },
        "controls2": {
            "text": "jump:  Space, W or up arrow",
            "y": 460,
            "font": "h4"
        },
        "controls3": {
            "text": "down:  S or down arrow",
            "y": 490,
            "font": "h4"
        },
        "controls4": {
            "text": "pause:  ESCAPE",
            "y": 520,
            "font": "h4"
        },
        "back": {
            "text": "Press [B] to go back",
            "y": 700,
            "font": "h5"
        }
    },
    "game": {
        "darken_alpha": 45,
        "scroll_divisor": 10,
        "score": {
            "text": "Score: %i",
            "y": 20,
            "font": "h4"
        },
        "rows": {
            "text": "Rows: %i",
            "y": 50,
            "font": "h5"
        },
        "time": {
            "text": "%i sec",
            "y": 70,
            "font": "h5"
        },
        "fps": {
            "text": "fps: %i",
            "x": 63,
            "y": 2,
            "refresh": 0.1,
            "font": "h5"
        },
        "tiles": {
            "text": "tiles: %i",
            "x": 63,
            "y": 22,
            "font": "h5"
        }
    },
    "death": {
        "title": {
            "text": "Game Over",
            "y": 300,
            "font": "h2"            
        },
        "restart": {
            "text": "Press [R] to restart",
            "y": 400,
            "font": "h3"
        }
    },
    "pause": {
        "title": {
            "text": "Paused",
            "y": 200,
            "font": "h2"
        },
        "resume": {
            "text": "Press [ESCAPE] to resume",
            "y": 400,
            "font": "h3"
        },
        "quit": {
            "text": "Press [Q] to quit",
            "y": 500,
            "font": "h4"
        }
    },
    "player": {
        "w": 30,
        "h": 50,
        "speed": 300,
        "jump_vel": 800,
        "thrust_vel": 400,
        "gravity": 2400,
        "alive_color": "#A3BE8C",
        "dead_color": "#BF616A"
    },
    "tile": {
        "w": 60,
        "hbs_size": 5,
        "fall_speed": 200,
        "spawn_interval_base": 1.5,
        "spawn_interval_min": 0.3,
        "spawn_interval_time": 300,
        "spawn_y": -60,
        "spawn_xs": [60, 120, 180, 240, 300, 360, 420, 480, 540, 600],
        "columns": 12,
        "row_limit": 4,
        "row_min": 3,
        "base_y": 660,
        "spawn_scale_min": 1,
        "spawn_scale_max": 99,
        "color": "#81A1C1",
        "edge_color": "#88C0D0",
        "hbs_color": "#BF616A",
        "heavy": {
            "r": 80,
            "fall": 1.5,
            "chance": 0.075,
            "draw_time": 0.3,
            "color": "#8FBCBB",
            "explosion_color": "#BF616A"
        }
    },
    "coin": {
        "w": 15,
        "h": 20,
        "fall_speed": 150,
        "spawn_interval_base": 20,
        "spawn_interval_variance": 10,
        "spawn_y": -20,
        "color": "#EBCB8B",
        "pop": {
            "coin_chances": [1, 1, 2, 2, 2, 3],
            "speed": 90,
            "vel": 900,
            "gravity": 2400,
            "friction": 180
        }
    },
    "chest": {
        "w": 50,
        "h": 40,
        "spawn_chance": 0.1,
        "color": "#B48EAD"
    },

    "scroll_speed": 30
}